grammar,avg_c_resp,avg_c_base
balanced,0.6833400000000001,0.23884
high_constraint,0.81666,0.33331999999999995
loose,0.65,0.25554
